<annotation>
	<folder>images</folder>
	<filename>videoplayback2837.jpg</filename>
	<path>/home/dasxx179/Documents/W251/HW8/MIDS_HW8/images/videoplayback2837.jpg</path>
	<source>
		<database>Unknown</database>
	</source>
	<size>
		<width>1000</width>
		<height>563</height>
		<depth>3</depth>
	</size>
	<segmented>0</segmented>
	<object>
		<name>tiefighter</name>
		<pose>Unspecified</pose>
		<truncated>0</truncated>
		<difficult>0</difficult>
		<bndbox>
			<xmin>348</xmin>
			<ymin>163</ymin>
			<xmax>533</xmax>
			<ymax>313</ymax>
		</bndbox>
	</object>
	<object>
		<name>tiefighter</name>
		<pose>Unspecified</pose>
		<truncated>0</truncated>
		<difficult>0</difficult>
		<bndbox>
			<xmin>666</xmin>
			<ymin>237</ymin>
			<xmax>819</xmax>
			<ymax>359</ymax>
		</bndbox>
	</object>
</annotation>
