<annotation>
	<folder>images</folder>
	<filename>videoplayback1820.jpg</filename>
	<path>/home/dasxx179/Documents/W251/HW8/MIDS_HW8/images/videoplayback1820.jpg</path>
	<source>
		<database>Unknown</database>
	</source>
	<size>
		<width>1000</width>
		<height>563</height>
		<depth>3</depth>
	</size>
	<segmented>0</segmented>
	<object>
		<name>tiefighter</name>
		<pose>Unspecified</pose>
		<truncated>0</truncated>
		<difficult>0</difficult>
		<bndbox>
			<xmin>219</xmin>
			<ymin>138</ymin>
			<xmax>282</xmax>
			<ymax>201</ymax>
		</bndbox>
	</object>
	<object>
		<name>tiefighter</name>
		<pose>Unspecified</pose>
		<truncated>0</truncated>
		<difficult>0</difficult>
		<bndbox>
			<xmin>282</xmin>
			<ymin>203</ymin>
			<xmax>310</xmax>
			<ymax>228</ymax>
		</bndbox>
	</object>
</annotation>
