<annotation>
	<folder>images</folder>
	<filename>videoplayback1814.jpg</filename>
	<path>/home/dasxx179/Documents/W251/HW8/MIDS_HW8/images/videoplayback1814.jpg</path>
	<source>
		<database>Unknown</database>
	</source>
	<size>
		<width>1000</width>
		<height>563</height>
		<depth>3</depth>
	</size>
	<segmented>0</segmented>
	<object>
		<name>tiefighter</name>
		<pose>Unspecified</pose>
		<truncated>0</truncated>
		<difficult>0</difficult>
		<bndbox>
			<xmin>251</xmin>
			<ymin>169</ymin>
			<xmax>291</xmax>
			<ymax>220</ymax>
		</bndbox>
	</object>
	<object>
		<name>tiefighter</name>
		<pose>Unspecified</pose>
		<truncated>0</truncated>
		<difficult>0</difficult>
		<bndbox>
			<xmin>307</xmin>
			<ymin>213</ymin>
			<xmax>332</xmax>
			<ymax>238</ymax>
		</bndbox>
	</object>
</annotation>
