<annotation>
	<folder>images</folder>
	<filename>videoplayback1637.jpg</filename>
	<path>/home/dasxx179/Documents/W251/HW8/MIDS_HW8/images/videoplayback1637.jpg</path>
	<source>
		<database>Unknown</database>
	</source>
	<size>
		<width>1000</width>
		<height>563</height>
		<depth>3</depth>
	</size>
	<segmented>0</segmented>
	<object>
		<name>tiefighter</name>
		<pose>Unspecified</pose>
		<truncated>0</truncated>
		<difficult>0</difficult>
		<bndbox>
			<xmin>652</xmin>
			<ymin>248</ymin>
			<xmax>682</xmax>
			<ymax>265</ymax>
		</bndbox>
	</object>
	<object>
		<name>tiefighter</name>
		<pose>Unspecified</pose>
		<truncated>0</truncated>
		<difficult>0</difficult>
		<bndbox>
			<xmin>773</xmin>
			<ymin>251</ymin>
			<xmax>812</xmax>
			<ymax>281</ymax>
		</bndbox>
	</object>
</annotation>
