<annotation>
	<folder>images</folder>
	<filename>videoplayback1802.jpg</filename>
	<path>/home/dasxx179/Documents/W251/HW8/MIDS_HW8/images/videoplayback1802.jpg</path>
	<source>
		<database>Unknown</database>
	</source>
	<size>
		<width>1000</width>
		<height>563</height>
		<depth>3</depth>
	</size>
	<segmented>0</segmented>
	<object>
		<name>falcon</name>
		<pose>Unspecified</pose>
		<truncated>0</truncated>
		<difficult>0</difficult>
		<bndbox>
			<xmin>84</xmin>
			<ymin>261</ymin>
			<xmax>924</xmax>
			<ymax>469</ymax>
		</bndbox>
	</object>
	<object>
		<name>tiefighter</name>
		<pose>Unspecified</pose>
		<truncated>0</truncated>
		<difficult>0</difficult>
		<bndbox>
			<xmin>315</xmin>
			<ymin>221</ymin>
			<xmax>352</xmax>
			<ymax>246</ymax>
		</bndbox>
	</object>
</annotation>
